Study Name,orig_radx_project,updated_radx_project,Accession,Accession updated,PI,PI updated,Grant ID,Grant ID updated,project_num_typo,core_project_num
Rapid Acceleration of Diagnostics - Radical (RADx-rad): Rolosense: An Innovative Platform for Automatic Mobile Phone Readout of Active SARS-CoV-2,RADx-rad,RADx-rad,phs002744.v1.p1,phs002744.v1.p1,Khalid Salaita,Khalid Salaita,U01AA029345,U01AA029345,FALSE,U01AA029345
Rapid Acceleration of Diagnostics - Underserved Populations (RADx-UP):  Developing a Realtime Monitoring System and Program to Improve COVID-19 Testing for Latinx Populations,RADx-UP,RADx-UP,phs002775.v1.p1,phs002775.v1.p1,Sharon Rounds,Sharon Rounds,U54GM115677,U54GM115677,FALSE,U54GM115677
Rapid Acceleration of Diagnostics - Underserved Populations (RADx-UP): Addressing COVID-19 Testing Disparities in Vulnerable Populations Using a Community JITAI (Just in Time Adaptive Intervention) Approach-A UTHealth  A UTHealth CTSA Program,RADx-UP,RADx-UP,phs002761.v1.p1,phs002761.v1.p1,David McPherson,David McPherson,3UL1TR003167 - 02S1 & 3UL1TR003167 - 03S3,3UL1TR003167-02S1,removed spaces,UL1TR003167
Rapid Acceleration of Diagnostics - Underserved Populations (RADx-UP): Addressing COVID-19 Testing Disparities in Vulnerable Populations Using a Community JITAI (Just in Time Adaptive Intervention) Approach-A UTHealth  A UTHealth CTSA Program,RADx-UP,RADx-UP,phs002761.v1.p1,phs002761.v1.p1,David McPherson,David McPherson,3UL1TR003167 - 02S1 & 3UL1TR003167 - 03S3,3UL1TR003167-03S3,removed spaces,UL1TR003167
Rapid Acceleration of Diagnostics - Underserved Populations (RADx-UP): Assessing Testing Strategies for Safe Return to K-12 Schools in an Underserved Population,RADx-UP,RADx-UP,phs002759.v1.p1,phs002759.v1.p1,Jason Newland,Jason Newland,1T OT2 HD107557,1OT2HD107557,typo: extra T,OT2HD107557
Rapid Acceleration of Diagnostics - Underserved Populations (RADx-UP): Assessing Vaccine Hesitancy and a Pharmacist Led Intervention Model to Increase COVID-19 Vaccine Uptake Among African Americans,RADx-UP,RADx-UP,phs002875.v1.p1,phs002875.v1.p1,Sara Al-Dahir,Sara Al-Dahir,3U54MD007595-12S4,3U54MD007595-12S4,FALSE,U54MD007595
Rapid Acceleration of Diagnostics - Underserved Populations (RADx-UP): COV-IDD: Testing for COVID-19 in High Risk Children with Intellectual and Developmental Disabilities,RADx-UP,RADx-UP,phs002800.v1.p1,phs002800.v1.p1,JOHN FOXE,John Foxe,1 OT2 HD107553-01,1OT2HD107553-01,removed spaces,OT2HD107553
Rapid Acceleration of Diagnostics - Underserved Populations (RADx-UP): COVID Self-Testing Through Rapid Network Distribution (C-STRAND),RADx-UP,RADx-UP,phs002760.v1.p1,phs002760.v1.p1,ROBERT GROSS,Robert Gross,R01-HL151292-01S1,R01HL151292-01S1,removed hyphen,R01HL151292
Rapid Acceleration of Diagnostics - Underserved Populations (RADx-UP): COVID-19 Testing in Underserved and Vulnerable Populations Receiving Care in San Diego Community Health,RADx-UP,RADx-UP,phs002869.v1.p1,phs002869.v1.p1,Martinez Maria,Maria Martinez,3UH3CA233314-02S1,3UH3CA233314-02S1,FALSE,UH3CA233314
Rapid Acceleration of Diagnostics - Underserved Populations (RADx-UP): Communities Fighting COVID!: Returning Our Kids Back to School Safely,RADx-UP,RADx-UP,phs002878.v1.p1,phs002878.v1.p1,SUSAN KIENE,Susan Kiene,1OT2HD108112-01,1OT2HD108112-01,FALSE,OT2HD108112
Rapid Acceleration of Diagnostics - Underserved Populations (RADx-UP): Getting Asian Americans INFORMED To Facilitate COVID-19 Testing and Vaccination,RADx-UP,RADx-UP,phs002776.v1.p1,phs002776.v1.p1,Janice Tsoh,Janice Tsoh,3R01DA036749-05S1,3R01DA036749-05S1,FALSE,R01DA036749
Rapid Acceleration of Diagnostics - Underserved Populations (RADx-UP): Harm Reduction Coalition San Diego - Onpoint,RADx-UP,RADx-UP,phs002821.v1.p1,phs002821.v1.p1,Steffanie Strathdee,Steffanie Strathdee,R01DA049644,R01DA049644,FALSE,R01DA049644
Rapid Acceleration of Diagnostics - Radical (RADx-rad): Microfluidic Isolation and Characterization of SARS-CoV-2 and Virus Related Exosomes,RADx-rad,RADx-rad,phs002778.v1.p1,phs002778.v1.p1,Shannon Stott,Shannon Stott,1U18TR003793-01,1U18TR003793-01,FALSE,U18TR003793
Rapid Acceleration of Diagnostics  - Underserved Populations (RADx-UP): Bridging the Evidence-to-Practice Gap: Evaluating Practice Facilitation as a Strategy to Accelerate Translation of a Systems-level Adherence Intervention into Safety Net Practices/Pro,RADx-UP,RADx-UP,phs002616.v1.p1,phs002616.v1.p1,Antoinette Schoenthaler,Antoinette Schoenthaler,R01MD013769-02S1,R01MD013769-02S1,FALSE,R01MD013769
Rapid Acceleration of Diagnostics  - Underserved Populations(RADx-UP): Community Engaged Research on COVID-19 Testing Among Underserved and/or Vulnerable Populations,RADx-UP,RADx-UP,phs002651.v1.p1,phs002651.v1.p1,Marianna Baum,Marianna Baum,3U01DA040381-05S1,3U01DA040381-05S1,removed whitespace,U01DA040381
Rapid Acceleration of Diagnostics (RADx): Keeping Rural Minority ‘Essential’ Workplaces Open Safely During the COVID-19 Pandemic: The Role of Frequent Point-of-Care Molecular Workplace Surveillance for Miners (Short title: The Miners’ Pandemic Project),RADx,RADx-UP,phs002648.v1.p1,phs002648.v1.p1,AKSHAY SOOD,Akshay Sood,3U01GM132175-02S1,3U01GM132175-02S1,FALSE,U01GM132175
Rapid Acceleration of Diagnostics (RADx): Transforming Community Engagement to Increase SARS-CoV-2 Testing in Underserved Populations in Baton Rouge (TEST UP-BR),RADx,RADx-UP,phs002646.v1.p1,phs002646.v1.p1,JOHN KIRWAN,John Kirwan,3U54GM104940-05S3,3U54GM104940-05S3,FALSE,U54GM104940
Rapid Acceleration of Diagnostics - Digital Health (RADX-DH): Digital Health Solutions for COVID-19: COVID Community Action and Research Engagement (COVID-CARE),RADX-DH,RADx-DHT,phs002533.v1.p1,phs002533.v1.p1,Praduman Jain,Praduman Jain,75N91020C00038,75N91020C00038,FALSE,75N91020C00038
Rapid Acceleration of Diagnostics - Digital Health (RADx-DH): COVID-19 Experience Study (C19EX) Survey,RADx-DH,RADx-DHT,phs002537.v1.p1,phs002537.v1.p1,Ernesto Ramirez,Ernesto Ramirez,75N91020C0034,75N91020C00034,typo: zero missing,75N91020C00034
Rapid Acceleration of Diagnostics - Digital Health (RADx-DH): Covidseeker and COVID-19 Citizen Science: Leveraging Citizen Science and Real-Time Geospatial Temporal Mobile Data for Digital Contact Tracing and SARS-CoV-2 Hotspotting,RADx-DH,RADx-DHT,phs002519.v1.p1,phs002519.v1.p1,Yulin Hswen,Yulin Hswen,75N91020C00039,75N91020C00039,FALSE,75N91020C00039
Rapid Acceleration of Diagnostics - Digital Health (RADx-DH): Digital Health Solution for COVID-19,RADx-DH,RADx-DHT,phs002534.v1.p1,phs002534.v1.p1,Robert Walton,Robert Walton,75N91020C00037,75N91020C00037,FALSE,75N91020C00037
Rapid Acceleration of Diagnostics - Digital Health (RADx-DH): Digital Health Solutions for COVID-19: Clear2G,RADx-DH,RADx-DHT,phs002628.v1.p1,phs002628.v1.p1,Adarbad Master,Adarbad Master,75N91020C00035,75N91020C00035,FALSE,75N91020C00035
Rapid Acceleration of Diagnostics - Digital Health (RADx-DH): ILI Labels and Longitudinal Novel Engagement with Symptom Surveillance (ILLNESS) Study,RADx-DH,RADx-DHT,phs002538.v1.p1,phs002538.v1.p1,Ernesto Ramirez,Ernesto Ramirez,75N91020C0034,75N91020C00034,typo: zero missing,75N91020C00034
Rapid Acceleration of Diagnostics - Digital Health (RADx-DH): Large Scale Flu Surveillance Study (LSFS),RADx-DH,RADx-DHT,phs002539.v1.p1,phs002539.v1.p1,Ernesto Ramirez,Ernesto Ramirez,75N91020C0034,75N91020C00034,typo: zero missing,75N91020C00034
Rapid Acceleration of Diagnostics - Digital Health (RADx-DH): Personalized Analytics and Wearable Biosensor Platform for Early Detection of Covid-19 Decompensation (DECODE),RADx-DH,RADx-DHT,phs002535.v1.p1,phs002535.v1.p1,Karen Larimer,Karen Larimer,N75N91020C00040,75N91020C00040,incorrrect,75N91020C00040
Rapid Acceleration of Diagnostics - Digital Health (RADx-DH): SAFER-COVID,RADx-DH,RADx-DHT,phs002540.v1.p1,phs002540.v1.p1,Vik Kheterpal,Vik Kheterpal,75N92020P00146,75N92020P00146,FALSE,75N92020P00146
Rapid Acceleration of Diagnostics - RADICAL (RADx-rad):  Tracking the COVID-19 Epidemic in Sewage (TRACES),RADx-rad,RADx-rad,phs002604.v1.p1,phs002604.v1.p1,Anne-Catrin Uhlemann,Anne-Catrin Uhlemann,1U01DA053949-01,1U01DA053949-01,FALSE,U01DA053949
Rapid Acceleration of Diagnostics - Radical  (RADx-rad):  A Rapid Breathalyzer Diagnostics Platform for COVID-19,RADx-rad,RADx-rad,phs002583.v1.p1,phs002583.v1.p1,Edward DeMauro,Edward DeMauro,5-U01HL150852-02,5U01HL150852-02,removed hyphen,U01HL150852
Rapid Acceleration of Diagnostics - Radical  (RADx-rad): Diagnosis of MIS-C in Febrile Children,RADx-rad,RADx-rad,phs002603.v1.p1,phs002603.v1.p1,Audrey Odom John,Audrey Odom John,R61DH105594,3R33HD105594-03S1,incorrect,R33HD105594
Rapid Acceleration of Diagnostics - Radical (RADx-rad):  A Confectionary-based Screening Tool for Assessing Chemosensory Loss in COVID-19 Patients,RADx-rad,RADx-rad,phs002642.v1.p1,phs002642.v1.p1,Susan Travers,Susan Travers,RO1DC016112,R01DC016112,typo: O instead of zero,R01DC016112
Rapid Acceleration of Diagnostics - Radical (RADx-rad):  A Scalable Aptamer-based Electrochemical Biosensor For Rapid Detection of SARS-CoV-2 From Saliva,RADx-rad,RADx-rad,phs002702.v1.p1,phs002702.v1.p1,Jeffrey Ly,Jeffrey Ly,1R44DE030842-01,1R44DE030842-01,FALSE,R44DE030842
Rapid Acceleration of Diagnostics - Radical (RADx-rad):  DNA Star SAS-CoV-2 Rapid Test,RADx-rad,RADx-rad,phs002685.v1.p1,phs002685.v1.p1,Yao Xiaohu,Xiaohu Yao,1R44DE030852-01,1R44DE030852-01,FALSE,R44DE030852
Rapid Acceleration of Diagnostics - Radical (RADx-rad):  Exosome-based Non-traditional Technologies Towards Multi-Parametric and Integrated Approaches for SARS-CoV-2,RADx-rad,RADx-rad,phs003124.v1.p1,phs003124.v1.p1,Samarjit Das,Samarjit Das,1U18TR003780-01,1U18TR003780-01,FALSE,U18TR003780
"Rapid Acceleration of Diagnostics - Radical (RADx-rad):  Improved Scalability, Sensitivity, and Interpretability of Pathogen Detection, Including SARS-CoV-2, in Wastewater using High-Throughput, Highly Multiplexed Digital Array PCR Technology",RADx-rad,RADx-rad,phs002729.v1.p1,phs002729.v1.p1,Rachel Noble,Rachel Noble,1-U01DA053899-01,1U01DA053899-01,removed hyphen,U01DA053899
Rapid Acceleration of Diagnostics - Radical (RADx-rad):  Longitudinal at Home Smell Testing to Detect Infection by SARS-C,RADx-rad,RADx-rad,phs002964.v1.p1,phs002964.v1.p1,MARK ALBERS,Mark Albers,U01DC019579,U01DC019579,FALSE,U01DC019579
Rapid Acceleration of Diagnostics - Radical (RADx-rad):  NIEHS Diagnostic-Prognostic RNAseq,RADx-rad,RADx-rad,phs002782.v1.p1,phs002782.v1.p1,Douglas Bell,Douglas Bell,Z01-ES100475,1ZIAES103366-02,incorrect,ZIAES103366
Rapid Acceleration of Diagnostics - Radical (RADx-rad): A Data Science Approach to Identify and Manage Multisystem Inflammatory Syndrome in Children (MIS-C) Associated With SARS-CoV-2 Infection and Kawasaki Disease in Pediatric Patients,RADx-rad,RADx-rad,phs002945.v1.p1,phs002945.v1.p1,Cedric Manlhiot,Cedric Manlhiot,R61HD105591,R61HD105591,FALSE,R61HD105591
Rapid Acceleration of Diagnostics - Radical (RADx-rad): A Handheld Microchip for GC Analysis of Breath to Screen for COVID-19,RADx-rad,RADx-rad,phs002563.v1.p1,phs002563.v1.p1,Xiao-An Fu,Xiao-An Fu,1U18TR003787-01,1U18TR003787-01,FALSE,U18TR003787
Rapid Acceleration of Diagnostics - Radical (RADx-rad): A Multimodal Platform for Oral Screening of COVID-19,RADx-rad,RADx-rad,phs002570.v1.p1,phs002570.v1.p1,Roya Khosravi-Far,Roya Khosravi-Far,1-R42DE030829-01,1R42DE030829-01,removed hyphen,R42DE030829
Rapid Acceleration of Diagnostics - Radical (RADx-rad): A Rapid Saliva Antigen Test for SARs-CoV-2 Detection,RADx-rad,RADx-rad,phs002689.v1.p1,phs002689.v1.p1,Joseph Loscalzo,Joseph Loscalzo,U54HL119145,U54HL119145,FALSE,U54HL119145
"Rapid Acceleration of Diagnostics - Radical (RADx-rad): A Rapid, Sensitive, Point-of- care, Antigen-based Diagnostics for SARS-CoV-2",RADx-rad,RADx-rad,phs002561.v1.p1,phs002561.v1.p1,Hadi Shafiee,Hadi Shafiee,4U54HL119145-08,4U54HL119145-08,FALSE,U54HL119145
Rapid Acceleration of Diagnostics - Radical (RADx-rad): A SARS-CoV-2 Breathalyzer for Direct Virus Detection,RADx-rad,RADx-rad,phs002572.v1.p1,phs002572.v1.p1,Timothy Gordon,Timothy Gordon,1R42DE030832-01,1R42DE030832-01,FALSE,R42DE030832
Rapid Acceleration of Diagnostics - Radical (RADx-rad): AFS/SERS Saliva-based SARS-CoV-2 Earliest Infection and Antibodies Detection,RADx-rad,RADx-rad,phs002544.v1.p1,phs002544.v1.p1,David Wong,David Wong,U18TR003778,U18TR003778,FALSE,U18TR003778
Rapid Acceleration of Diagnostics - Radical (RADx-rad): AICORE-kids,RADx-rad,RADx-rad,phs002585.v1.p1,phs002585.v1.p1,Ananth Annapragada,Ananth Annapragada,R61HD105593,R61HD105593,FALSE,R61HD105593
Rapid Acceleration of Diagnostics - Radical (RADx-rad): Bioinformatics Framework for Wastewater-based Surveillance of Infectious Diseases,RADx-rad,RADx-rad,phs002527.v1.p1,phs002527.v1.p1,MATTHEW SCOTCH,Matthew Scotch,U01LM013129,U01LM013129,FALSE,U01LM013129
Rapid Acceleration of Diagnostics - Radical (RADx-rad): Broad-spectrum Detection of VOC and Non-VOC Biomarkers from Patient Exhalant Using Biomimetic Multiplexed eNose Biosensor for COVID 19 Diagnosis,RADx-rad,RADx-rad,phs002924.v1.p1,phs002924.v1.p1,Devin MacKenzie,Devin MacKenzie,3-U-1HL152401-02S1,3U01HL152401-02S1,removed hyphens,U01HL152401
Rapid Acceleration of Diagnostics - Radical (RADx-rad): COVID-19 Detection through Scent Analysis with a Compact GC Device,RADx-rad,RADx-rad,phs002747.v1.p1,phs002747.v1.p1,Xudong Fan,Xudong Fan,U18TR003812,U18TR003812,FALSE,U18TR003812
Rapid Acceleration of Diagnostics - Radical (RADx-rad): COVID-19 Network of Networks Expanding Clinical and Translational approaches to Predict Severe Illness in Children (CONNECT to Predict SIck Children),RADx-rad,RADx-rad,phs002569.v1.p1,phs002569.v1.p1,Lawrence Kleinman,Lawrence Kleinman,1R61HD105619-01,1R61HD105619-01,FALSE,R61HD105619
Rapid Acceleration of Diagnostics - Radical (RADx-rad): Characterization of Multisystem Inflammatory Syndrome in Children and its Relationship to Kawasaki Disease,RADx-rad,RADx-rad,phs002553.v1.p1,phs002553.v1.p1,JANE BURNS,Jane Burns,1R61HD105590-01,1R61HD105590-01,FALSE,R61HD105590
Rapid Acceleration of Diagnostics - Radical (RADx-rad): Detection and Automatic Privacy-Protected Contact Tracing System Designed for COVID-19,RADx-rad,RADx-rad,phs002573.v1.p1,phs002573.v1.p1,Lu Peng,Lu Peng,1U01AA029348-01,1U01AA029348-01,FALSE,U01AA029348
Rapid Acceleration of Diagnostics - Radical (RADx-rad): Development of an Automated Diagnostic Platform for SARS-CoV-2 Monitoring in Vulnerable Areas,RADx-rad,RADx-rad,phs002546.v1.p1,phs002546.v1.p1,Diana Vanegas,Diana Vanegas,1U01AA029328,1U01AA029328,FALSE,U01AA029328
Rapid Acceleration of Diagnostics - Radical (RADx-rad): Direct Bioelectronic Detection of SARS-Cov-2 From Saliva Using Singlemolecule Field-effect Transistor Array,RADx-rad,RADx-rad,phs002550.v1.p1,phs002550.v1.p1,Erik Young,Erik Young,R44DE030841,R44DE030841,FALSE,R44DE030841
Rapid Acceleration of Diagnostics - Radical (RADx-rad): Discovery and Clinical Validation of Host Biomarkers of Disease Severity and Multi-system Inflammatory Syndrome in Children (MIS-C) and COVID-19,RADx-rad,RADx-rad,phs002781.v1.p1,phs002781.v1.p1,Charles Chiu,Charles Chiu,R61 HD105618- 01,R61HD105618-01,removed spaces,R61HD105618
"Rapid Acceleration of Diagnostics - Radical (RADx-rad): Early Detection, Containment, and Management of COVID-19 in Dialysis Facilities Using Multi-Modal Data Sources",RADx-rad,RADx-rad,phs002657.v1.p1,phs002657.v1.p1,YUEDONG WANG,Yuedong Wang,1R01DK130067-01,1R01DK130067-01,FALSE,R01DK130067
"Rapid Acceleration of Diagnostics - Radical (RADx-rad): Effective, Reagent-free Detection of the Odor Signature of Covid-19 Infection Using a Nano-Enabled Sensor Array",RADx-rad,RADx-rad,phs002588.v1.p1,phs002588.v1.p1,AT Charlie Johnson,AT Charlie Johnson,1U18TR003775-01,1U18TR003775-01,FALSE,U18TR003775
Rapid Acceleration of Diagnostics - Radical (RADx-rad): Identifying Biomarker Signatures of Prognostic Value for Multisystem Inflammatory Syndrome in Children (MIS-C),RADx-rad,RADx-rad,phs002609.v1.p1,phs002609.v1.p1,Juan Salazar,Juan Salazar,1R61HD105613-01,1R61HD105613-01,FALSE,R61HD105613
Rapid Acceleration of Diagnostics - Radical (RADx-rad): MOF-SCENT: Metal-organic Frameworks for Screening COVID-19 by Electronic-Nose Technology to Improve Selectivity and Time Response,RADx-rad,RADx-rad,phs002522.v1.p1,phs002522.v1.p1,Jie Huang,Jie Huang,U01 HL152410,U01HL152410,removed spaces,U01HL152410
Rapid Acceleration of Diagnostics - Radical (RADx-rad): Marshallese: Alternate Surveillance for COVID-19 in a Unique Population,RADx-rad,RADx-rad,phs002551.v1.p1,phs002551.v1.p1,Kaiimi Alohilani Sinclair,Kaiimi Alohilani Sinclair,1RO1MD016526-01,1R01MD016526-01,typo: O instead of zero,R01MD016526
Rapid Acceleration of Diagnostics - Radical (RADx-rad): Minimal False-Alarm Touch-Based Detection of SARS-CoV-2 Virus Particles Using Poly-aptamers,RADx-rad,RADx-rad,phs002543.v1.p1,phs002543.v1.p1,Radislav Potyrailo,Radislav Potyrailo,1U01AA029324-01,1U01AA029324-01,FALSE,U01AA029324
Rapid Acceleration of Diagnostics - Radical (RADx-rad): Multi-Modal Wireless COVID Monitoring & Infection Alerts for Concentrated Populations,RADx-rad,RADx-rad,phs002523.v1.p1,phs002523.v1.p1,Michael Snyder,Michael Snyder,1RO1NR020105-01,1R01NR020105,typo: O instead of zero,R01NR020105
Rapid Acceleration of Diagnostics - Radical (RADx-rad): Multiparametric Integrated Molecular Detection of SARS-CoV-2 from Biofluids by Adapting Single Extracellular Vesicle Characterization Technologies,RADx-rad,RADx-rad,phs002709.v1.p1,phs002709.v1.p1,Eduardo Reategui,Eduardo Reategui,1U18TR003807,1U18TR003807,FALSE,U18TR003807
Rapid Acceleration of Diagnostics - Radical (RADx-rad): Nanobody-based Electrochemical Biosensor for Real-Time Detection of Aerosolized SARS-CoV2,RADx-rad,RADx-rad,phs002700.v1.p1,phs002700.v1.p1,John Cirrito,John Cirrito,U01AA029331,U01AA029331,FALSE,U01AA029331
Rapid Acceleration of Diagnostics - Radical (RADx-rad): Portable GC Detector for COVID Diagnostics,RADx-rad,RADx-rad,phs002600.v1.p1,phs002600.v1.p1,CRISTINA DAVIS,Cristina Davis,1U18TR003795,1U18TR003795,FALSE,U18TR003795
Rapid Acceleration of Diagnostics - Radical (RADx-rad): Rapid Olfactory Tools for Telemedicine-friendly COVID-19 Screening and Surveillance,RADx-rad,RADx-rad,phs002631.v1.p1,phs002631.v1.p1,STEVEN MUNGER,Steven Munger,1-U01DC019573-01,1U01DC019573-01,removed hyphen,U01DC019573
Rapid Acceleration of Diagnostics - Radical (RADx-rad): SCENTinel: A Rapid Smell Test for COVID-19 Surveillance,RADx-rad,RADx-rad,phs002699.v1.p1,phs002699.v1.p1,PAMELA DALTON,Pamela Dalton,U01DC019578,U01DC019578,FALSE,U01DC019578
Rapid Acceleration of Diagnostics - Radical (RADx-rad): SF-RAD: Development and Proof-of-Concept Implementation of the South Florida Miami RADx-rad SARS-CoV-2 Wastewater-Based Surveillance Infrastructure,RADx-rad,RADx-rad,phs002525.v1.p1,phs002525.v1.p1,Helena Solo-Gabriele,Helena Solo-Gabriele,1U01DA053941-01,1U01DA053941-01,FALSE,U01DA053941
Rapid Acceleration of Diagnostics - Radical (RADx-rad): Severity Predictors Using Immunology and Transcriptomics in Saliva Using Multi Neural Network Intelligence in SARS-CoV2 Infection in Children (SPITS MISC),RADx-rad,RADx-rad,phs002549.v1.p1,phs002549.v1.p1,Usha Sethuraman,Usha Sethuraman,1R61HD105610-01,1R61HD105610-01,FALSE,R61HD105610
"Rapid Acceleration of Diagnostics - Radical (RADx-rad): Touchscreen-compatible, real-time electrochemical sensing of SARS-CoV-2",RADx-rad,RADx-rad,phs002565.v1.p1,phs002565.v1.p1,Suzie Pun,Suzie Pun,1U01AA029316,1U01AA029316,FALSE,U01AA029316
Rapid Acceleration of Diagnostics - Radical (RADx-rad): Validation of Smart Masks for Surveillance of COVID-19,RADx-rad,RADx-rad,phs002524.v1.p1,phs002524.v1.p1,Jesse Jokerst,Jesse Jokerst,R01DE031114,R01DE031114,FALSE,R01DE031114
Rapid Acceleration of Diagnostics - Radical (RADx-rad): Virus Counter: Rapid and Sensitive Diagnostics Based on Digital Detection of Individual Pathogens,RADx-rad,RADx-rad,phs002602.v1.p1,phs002602.v1.p1,Selim Unlu,Selim Unlu,4U54HL119145-08 subaward no. 124778,4U54HL119145-08,has no subprojects in NIH Reporter,U54HL119145
Rapid Acceleration of Diagnostics - Radical (RADx-rad): Wastewater Analysis of SARS-CoV-2 in Tribal Communit,RADx-rad,RADx-rad,PENDING TRIBAL DATA TRANSFER AND USE AGREEMENT RECEIPT,PENDING TRIBAL DATA TRANSFER AND USE AGREEMENT RECEIPT,Otakuye Conroy-Ben,Otakuye Conroy-Ben,1U01DA053976-01,1U01DA053976-01,FALSE,U01DA053976
Rapid Acceleration of Diagnostics - Radical (RADx-rad): Wastewater Assessment for Coronavirus in Kentucky: Implementing Enhanced Surveillance Technology,RADx-rad,RADx-rad,phs002542.v1.p1,phs002542.v1.p1,James Keck,James Keck,U01 DA053903,U01DA053903,removed spaces,U01DA053903
Rapid Acceleration of Diagnostics - Radical (RADx-rad): Wastewater Detection of COVID-19,RADx-rad,RADx-rad,phs002679.v1.p1,phs002679.v1.p1,Jeff Wenzel,Jeff Wenzel,U01DA053893-01,U01DA053893-01,FALSE,U01DA053893
Rapid Acceleration of Diagnostics - TECH  (RADx-TECH):  Rapid Manufacturing Scale-up for Compact Point-of-Care EUA SARS-CoV-2 RT-PCR Test,RADx-TECH,RADx-TECH,phs002736.v1.p1,phs002736.v1.p1,Laura Gibson,Laura Gibson,U54HL143541,U54HL143541,FALSE,U54HL143541
"Rapid Acceleration of Diagnostics - TECH (RADx-TECH): Accurate, Sensitive & Affordable POC and At Home Testing Device",RADx-TECH,RADx-TECH,phs002737.v1.p1,phs002737.v1.p1,Laura Gibson,Laura Gibson,U54HL143541,U54HL143541,FALSE,U54HL143541
Rapid Acceleration of Diagnostics - TECH (RADx-TECH): COVID-19 Test At Home Efficacy Sub-Study,RADx-TECH,RADx-TECH,phs003026.v1.p1,phs003026.v1.p1,John Broach,John Broach,U54HL143541,U54HL143541,FALSE,U54HL143541
Rapid Acceleration of Diagnostics - TECH (RADx-TECH): RADx Tech COVID-19 Viral Dynamics/COVID Detect,RADx-TECH,RADx-TECH,phs003360.v1.p1,phs003360.v1.p1,David McManus,David McManus,U54HL143541,U54HL143541,FALSE,U54HL143541
Rapid Acceleration of Diagnostics - TECH (RADx-TECH): Self-Testing for Our Protection from COVID-19 (STOP COVID-19),RADx-TECH,RADx-TECH,phs003238.v1.p1,phs003238.v1.p1,Apurv Soni,Apurv Soni,U54HL143541,U54HL143541,FALSE,U54HL143541
Rapid Acceleration of Diagnostics - TECH (RADx-TECH): Test US Bank Study,RADx-TECH,RADx-TECH,phs003027.v1.p1,phs003027.v1.p1,John Broach,John Broach,U54HL143541,U54HL143541,FALSE,U54HL143541
Rapid Acceleration of Diagnostics - TECH (RADx-TECH): Test Us At Home,RADx-TECH,RADx-TECH,phs003237.v1.p1,phs003237.v1.p1,Apurv Soni,Apurv Soni,U54HL143541,U54HL143541,FALSE,U54HL143541
Rapid Acceleration of Diagnostics - TECH (RADx-TECH): Test Us At Home Daily,RADx-TECH,RADx-TECH,phs003239.v1.p1,phs003239.v1.p1,Apurv Soni,Apurv Soni,U54HL143541,U54HL143541,FALSE,U54HL143541
Rapid Acceleration of Diagnostics - TECH (RADx-TECH): Ultra-Sensitive Immunoassay Test for Quantitation of SARS-CoV-2 Antigen,RADx-TECH,RADx-TECH,phs002738.v1.p1,phs002738.v1.p1,Laura Gibson,Laura Gibson,U54HL143541,U54HL143541,FALSE,U54HL143541
Rapid Acceleration of Diagnostics - TECH(RADx-TECH): COVID-19 Test At Home Feasibility Sub-Study,RADx-TECH,RADx-TECH,phs002739.v1.p1,phs002739.v1.p1,Laura Gibson,Laura Gibson,U54HL143541,U54HL143541,FALSE,U54HL143541
Rapid Acceleration of Diagnostics - Tech  (RADx-TECH): 2183 SARS-CoV-2 Rapid Antigen Test,RADx-TECH,RADx-TECH,phs002682.v1.p1,phs002682.v1.p1,Laura Gibson,Laura Gibson,U54HL143541,U54HL143541,FALSE,U54HL143541
Rapid Acceleration of Diagnostics - Underrepresented Populations (RADx-UP): Creating a Sustainable Infrastructure for SARS-CoV-2 Testing at Syringe Exchange Programs,RADx-UP,RADx-UP,phs002521.v1.p1,phs002521.v1.p1,ELIZABETH STORMSHAK,Elizabeth Stormshak,3R01DA037628-05S1,3R01DA037628-05S1,FALSE,R01DA037628
Rapid Acceleration of Diagnostics - Underserved Populations  (RADx-UP): Use of Behavioral Economics in Repeat SARS-CoV-2 Antibody Testing in Disadvantaged Communities,RADx-UP,RADx-UP,phs002704.v1.p1,phs002704.v1.p1,JASON DOCTOR,Jason Doctor,3R33AG057395-04S1,3R33AG057395-04S1,FALSE,R33AG057395
Rapid Acceleration of Diagnostics - Underserved Populations (RADx - UP): COVID-19 Testing and Linkage to Care with African American Church and Health Agency Partners,RADx - UP,RADx-UP,phs002578.v1.p1,phs002578.v1.p1,Jannette Berkley-Patton,Jannette Berkley-Patton,R01 DK124664-01S1,R01DK124664-01S1,removed spaces,R01DK124664
Rapid Acceleration of Diagnostics - Underserved Populations (RADx): COVID-19 Large Network Center,RADx,RADx-UP,phs002643.v1.p1,phs002643.v1.p1,Rebecca Jackson,Rebecca Jackson,5UL1TR002733,5UL1TR002733,FALSE,UL1TR002733
Rapid Acceleration of Diagnostics - Underserved Populations (RADx): Using Health Communication to Increase COVID-19 Testing and Vaccination in Underserved Populations,RADx,RADx-UP,phs002713.v1.p1,phs002713.v1.p1,MATTHEW KREUTER,Matthew Kreuter,3R01CA235773-02S1,3R01CA235773-02S1,removed whitespace,R01CA235773
Rapid Acceleration of Diagnostics - Underserved Populations (RADx-UP):  Implementation Science Center in Cancer Control Equity: A Competitive Revision to Accelerate COVID Testing in Vulnerable Communities - Project 08,RADx-UP,RADx-UP,phs002872.v1.p1,phs002872.v1.p1,Karen Emmons,Karen Emmons,3P50CA244433-02S1,3P50CA244433-02S1,FALSE,P50CA244433
Rapid Acceleration of Diagnostics - Underserved Populations (RADx-UP):  Leveraging Social Networks to Increase COVID-19 Testing Uptake: A Comparison of Credible Messenger and Chain Referral Recruitment Approaches,RADx-UP,RADx-UP,phs002799.v1.p1,phs002799.v1.p1,KATHERINE ELKINGTON,Katherine Elkington,903-9015Z,3UG1DA050071-04S1,incorrect,UG1DA050071
Rapid Acceleration of Diagnostics - Underserved Populations (RADx-UP):  Lupus Education Alliance Program (LEAP),RADx-UP,RADx-UP,phs002786.v1.p1,phs002786.v1.p1,David Chae,David Chae,3R01AR065493-07S1,3R01AR065493-07S1,FALSE,R01AR065493
"Rapid Acceleration of Diagnostics - Underserved Populations (RADx-UP):  ORALE COVID-19!: Organizaciones para Reducir, Avanzar y Lograr Equidad contra el COVID-19 (Organizations to Reduce, and to Advance, and Lead for Equity against COVID-19)",RADx-UP,RADx-UP,phs002791.v1.p1,phs002791.v1.p1,Irva Hertz-Picciotto,Irva Hertz-Picciotto,3P30ES023513-06S1,3P30ES023513-06S1,FALSE,P30ES023513
Rapid Acceleration of Diagnostics - Underserved Populations (RADx-UP):  SARS-CoV-2 Screening and Diagnostic testing for return to K-12 schools,RADx-UP,RADx-UP,phs002870.v1.p1,phs002870.v1.p1,Kanecia Zimmerman,Kanecia Zimmerman,1OT2HD107559-01,1OT2HD107559-01,FALSE,OT2HD107559
Rapid Acceleration of Diagnostics - Underserved Populations (RADx-UP):  SCALE UP COUNTS: A Health Information Technology Approach to Increasing COVID-19 Testing in Elementary and Middle Schools Serving Disadvantaged Communities,RADx-UP,RADx-UP,phs002825.v1.p1,phs002825.v1.p1,Yelena Wu,Yelena Wu,1OT2HD108097-01,1OT2HD108097-01,FALSE,OT2HD108097
Rapid Acceleration of Diagnostics - Underserved Populations (RADx-UP):  The Cherokee Nation Community-Driven Program for Testing and Contact Tracing (Cherokee PROTECT),RADx-UP,RADx-UP,phs002873.v1.p1,phs002873.v1.p1,Sohail Khan,Sohail Khan,3S06GM127983-03S1,3S06GM127983-03S1,FALSE,S06GM127983
Rapid Acceleration of Diagnostics - Underserved Populations (RADx-UP): A Community Health Worker Intervention to Identify and Decrease Barriers to Pre-Procedural COVID-19 Testing Among Los Angeles County Department of Health Safety-Net Patients,RADx-UP,RADx-UP,phs002920.v1.p1,phs002920.v1.p1,OMOLOLA OGUNYEMI,Omolola Ogunyemi,3R01LM012309-04S1,3R01LM012309-04S1,FALSE,R01LM012309
Rapid Acceleration of Diagnostics - Underserved Populations (RADx-UP): A Dynamic COVID-19 Community-Engaged Testing Strategy in Alabama (COVID COMET AL),RADx-UP,RADx-UP,phs002871.v1.p1,phs002871.v1.p1,Michael Saag,Michael Saag,3P30AI027767-33S,3P30AI027767-33S,FALSE,P30AI027767
Rapid Acceleration of Diagnostics - Underserved Populations (RADx-UP): A Nurse-Community Health Worker-Family Partnership Model: Addressing Uptake of COVID-19 Testing and Control Measures,RADx-UP,RADx-UP,phs002906.v1.p1,phs002906.v1.p1,Holly Hagan,Holly Hagan,3P#0DA011041-23S1,3P30DA011041-23S1,typo: # instead of 3,P30DA011041
"Rapid Acceleration of Diagnostics - Underserved Populations (RADx-UP): Adapting Community-Based Task-Shifting for the COVID-19 Response Among Underserved Populations in Piedmont, North Carolina (ACT UP)",RADx-UP,RADx-UP,phs002581.v1.p1,phs002581.v1.p1,Michael Herce,Michael Herce,3UM1AI069423-15S1,3UM1AI069423-15S1,FALSE,UM1AI069423
Rapid Acceleration of Diagnostics - Underserved Populations (RADx-UP): Addressing Low-Income Housing Resident Mistrust in COVID-19 Guidance,RADx-UP,RADx-UP,phs002743.v1.p1,phs002743.v1.p1,Andrew Plunk,Andrew Plunk,R37 CA245716-S1,R37CA245716-01A1S1  ,"-S1 doesn't match, use ",R37CA245716
Rapid Acceleration of Diagnostics - Underserved Populations (RADx-UP): Alive Church Network: Increasing COVID-19 Testing in Chicago's African American Testing Deserts,RADx-UP,RADx-UP,phs002645.v1.p1,phs002645.v1.p1,ELIZABETH LYNCH,Elizabeth Lynch,3R01 NR018463-01A1S1,3R01NR018463-01A1S1,removed spaces,R01NR018463
Rapid Acceleration of Diagnostics - Underserved Populations (RADx-UP): Back to ECE Safely with SAGE: Reducing COVID-19 Transmission in Hispanic and Low-income Preschoolers,RADx-UP,RADx-UP,phs002661.v1.p1,phs002661.v1.p1,Rebecca Lee,Rebecca Lee,1OT2HD108101-01,1OT2HD108101-01,FALSE,OT2HD108101
Rapid Acceleration of Diagnostics - Underserved Populations (RADx-UP): Building Resiliency and Vital Equity (BRAVE),RADx-UP,RADx-UP,phs002650.v1.p1,phs002650.v1.p1,DEEPAK KUMAR,Deepak Kumar,R01-MD012767-04S1,R01MD012767-04S1,removed hyphen,R01MD012767
Rapid Acceleration of Diagnostics - Underserved Populations (RADx-UP): COMMIT,RADx-UP,RADx-UP,phs003081.v1.p1,phs003081.v1.p1,C. DANIEL MULLINS,C. Daniel Mullins,MISSING,5U01MD017437-02,project number is available,U01MD017437
Rapid Acceleration of Diagnostics - Underserved Populations (RADx-UP): COVID-19 Testing and Prevention in Correctional Settings,RADx-UP,RADx-UP,phs003361.v1.p1,phs003361.v1.p1,Lauren Brinkley-Rubinstein,Lauren Brinkley-Rubinstein,3UG1DA050072-02S3,3UG1DA050072-02S3,FALSE,UG1DA050072
Rapid Acceleration of Diagnostics - Underserved Populations (RADx-UP): COVID-19 Testing and Vaccination Social Network Diffusion for Diverse Criminal Legal Involved Communities,RADx-UP,RADx-UP,phs003234.v1.p1,phs003234.v1.p1,John Schneider,John Schneider,1U01MD017414-01,1U01MD017414-01,FALSE,U01MD017414
Rapid Acceleration of Diagnostics - Underserved Populations (RADx-UP): COVID-19 Treatment Cascade Optimization Study,RADx-UP,RADx-UP,phs002634.v1.p1,phs002634.v1.p1,Liliane Windsor,Liliane Windsor,3R01MD010629-04S2,3R01MD010629-04S2,FALSE,R01MD010629
Rapid Acceleration of Diagnostics - Underserved Populations (RADx-UP): COVID-19: Implementing Community-based Approaches to Increase SARS-CoV-2 Testing among an Underserved and Vulnerable Hispanic Population,RADx-UP,RADx-UP,phs002874.v1.p1,phs002874.v1.p1,Robert Kirken,Robert Kirken,3U54MD007592-28S,3U54MD007592-28S,FALSE,U54MD007592
Rapid Acceleration of Diagnostics - Underserved Populations (RADx-UP): Collaborative Community Networks to Optimize Implementation of Low Barrier COVID-19 Testing Efforts Among Diverse Latinx Populations in Northern California,RADx-UP,RADx-UP,phs003375.v1.p1,phs003375.v1.p1,Monica Gandhi,Monica Gandhi,3P30AI027763-29S1,3P30AI027763-29S1,removed whitespace,P30AI027763
Rapid Acceleration of Diagnostics - Underserved Populations (RADx-UP): Communities Fighting COVID,RADx-UP,RADx-UP,phs002649.v1.p1,phs002649.v1.p1,SUSAN KIENE,Susan Kiene,3U54CA132384-10S,3U54CA132384-10S,FALSE,U54CA132384
Rapid Acceleration of Diagnostics - Underserved Populations (RADx-UP): Community Activation to TrAnsform Local sYSTems (CATALYST),RADx-UP,RADx-UP,phs003377.v1.p1,phs003377.v1.p1,Alana LeBron,Alana LeBron,U01MD017433,U01MD017433,FALSE,U01MD017433
Rapid Acceleration of Diagnostics - Underserved Populations (RADx-UP): Community Based COVID-19 Testing Evaluation,RADx-UP,RADx-UP,phs002520.v1.p1,phs002520.v1.p1,Pearl Mcelfish,Pearl Mcelfish,3Ro1MD013852-20S3,3R01MD013852-03S2,typo: o instead of zero,R01MD013852
Rapid Acceleration of Diagnostics - Underserved Populations (RADx-UP): Community Collaboration to Combat Coronavirus (C-FORWARD),RADx-UP,RADx-UP,phs003374.v1.p1,phs003374.v1.p1,Jason Farley,Jason Farley,P30AI094189,P30AI094189,FALSE,P30AI094189
Rapid Acceleration of Diagnostics - Underserved Populations (RADx-UP): Community Driven Approach to Mitigate COVID-19 Disparities in Hawaii's Vulnerable Populations,RADx-UP,RADx-UP,phs002526.v1.p1,phs002526.v1.p1,Jerris Hedges,Jerris Hedges,3U54MD007601-34S2,3U54MD007601-34S2,FALSE,U54MD007601
Rapid Acceleration of Diagnostics - Underserved Populations (RADx-UP): Community Network-Driven COVID-19 Testing of Vulnerable Populations in the Central US (C3),RADx-UP,RADx-UP,phs002601.v1.p1,phs002601.v1.p1,John Schneider,John Schneider,3 UG1 DA050066-02S1,3UG1DA050066-02S1,removed spaces,UG1DA050066
"Rapid Acceleration of Diagnostics - Underserved Populations (RADx-UP): Community Organizations for Natives: COVID-19 Epidemiology, Research, Testing, and Services (CONCERTS)",RADx-UP,RADx-UP,phs003021.v1.p1,phs003021.v1.p1,DEDRA BUCHWALD,Dedra Buchwald,3U54MD011240-06S1,3U54MD011240-06S1,FALSE,U54MD011240
Rapid Acceleration of Diagnostics - Underserved Populations (RADx-UP): Community-driven Optimization of COVID-19 testing to Reach and Engage underserved Areas for Testing Equity (CO-CREATE),RADx-UP,RADx-UP,phs002708.v1.p1,phs002708.v1.p1,LOUISE LAURENT,Louise Laurent,3 P42 ES010337-19S,3P42ES010337-19S,removed spaces,P42ES010337
Rapid Acceleration of Diagnostics - Underserved Populations (RADx-UP): Community-engaged Approaches to Testing in Community and Healthcare Settings for Underserved Populations (CATCH-UP),RADx-UP,RADx-UP,phs002711.v1.p1,phs002711.v1.p1,JUDITH JAMES,Judith James,U54GM104938-08S1,U54GM104938-08S1,FALSE,U54GM104938
Rapid Acceleration of Diagnostics - Underserved Populations (RADx-UP): Community-engaged Research to Improve the COVID-19 Testing Cascade Among Underserved Populations in the US Caribbean Territories,RADx-UP,RADx-UP,phs002741.v1.p1,phs002741.v1.p1,Marcella Nunez-Smith,Marcella Nunez-Smith,3U54MD010711-05S1,3U54MD010711-05S1,FALSE,U54MD010711
"Rapid Acceleration of Diagnostics - Underserved Populations (RADx-UP): Conducting Correctional COVID Research and Implementing Novel, Ethically Sound, Sustainable Surveillance Systems (CRAINES)",RADx-UP,RADx-UP,phs003126.v1.p1,phs003126.v1.p1,ANNE SPAULDING,Anne Spaulding,1U01DA056000-01,1U01DA056000-01,FALSE,U01DA056000
Rapid Acceleration of Diagnostics - Underserved Populations (RADx-UP): Developing Novel Strategies to Increase COVID-19 Testing Among Underserved and Vulnerable Populations in West Virginia Through Community and State Partnerships,RADx-UP,RADx-UP,phs002662.v1.p1,phs002662.v1.p1,Sally Hodder,Sally Hodder,3U54GM104942-05S3,3U54GM104942-05S3,FALSE,U54GM104942
Rapid Acceleration of Diagnostics - Underserved Populations (RADx-UP): Eliminating COVID-19 Disparities in Arizona in Partnership with Vulnerable/Underserved Communities,RADx-UP,RADx-UP,phs002656.v2,phs002656.v1.p1,Flavio Marsiglia,Flavio Marsiglia,3U54MD02316-14S1,3U54MD002316-14S1,typo: missing zero,U54MD002316
Rapid Acceleration of Diagnostics - Underserved Populations (RADx-UP): Empowering Schools as Community Assets to Mitigate the Adverse Impacts of COVID-19,RADx-UP,RADx-UP,phs003376.v1.p1,phs003376.v1.p1,May Okihiro,May Okihiro,1OTsHD108105-01,1OT2HD108105-01,typo: s instead of 2,OT2HD108105
Rapid Acceleration of Diagnostics - Underserved Populations (RADx-UP): Engaging Church Health Ministries to Decrease SARS-CoV-2 Vaccine Hesitancy in Underserved Populations in Baton Rouge,RADx-UP,RADx-UP,phs003125.v1.p1,phs003125.v1.p1,JOHN KIRWAN,John Kirwan,3U54GM104940-06S4,3U54GM104940-06S4,FALSE,U54GM104940
Rapid Acceleration of Diagnostics - Underserved Populations (RADx-UP): Epidemiologic Intelligence Network (EpI-Net) to Promote COVID-19 Testing and Prevention Practices Among Socially Vulnerable Communities in Puerto Rico,RADx-UP,RADx-UP,phs002745.v1.p1,phs002745.v1.p1,Melissa Marzan,Melissa Marzan,3R21MD013674-02S2,3R21MD013674-02S2,FALSE,R21MD013674
"Rapid Acceleration of Diagnostics - Underserved Populations (RADx-UP): Evidence-based Interventions Individual, Community, and Structural Factors That Predict Lower Rates of Covid-19 Screening Testing in Underserved and Vulnerable Populations",RADx-UP,RADx-UP,phs003057.v1.p1,phs003057.v1.p1,Jan Carney,Jan Carney,U01 CA271329-01,U01CA271329-01,removed spaces,U01CA271329
Rapid Acceleration of Diagnostics - Underserved Populations (RADx-UP): Expanding a Statewide Realtime Monitoring System and Program to Improve Testing and Vaccination for High Risk Children,RADx-UP,RADx-UP,phs003142.v1.p1,phs003142.v1.p1,Sharon Rounds,Sharon Rounds,3U54GM115677-06S2,3U54GM115677-06S2,FALSE,U54GM115677
"Rapid Acceleration of Diagnostics - Underserved Populations (RADx-UP): Exploring Barriers and Facilitators to Women Who Use Drugs (WWUD) Awareness, Acceptance and Uptake of COVID-19 Testing, The CARE Study",RADx-UP,RADx-UP,phs002720.v1.p1,phs002720.v1.p1,Susan Sherman,Susan Sherman,3R01DA041243-05S2,3R01DA041243-05S2,FALSE,R01DA041243
Rapid Acceleration of Diagnostics - Underserved Populations (RADx-UP): Identifying COVID-19 Vaccine Deserts Using Machine Learning and Geospatial Analyses to Target Community-engaged Testing for Vulnerable Rural Populations to Prevent Localized Outbreaks,RADx-UP,RADx-UP,phs003049.v1.p1,phs003049.v1.p1,Brian Hendricks,Brian Hendricks,1U01MD017419-01,1U01MD017419-01,removed whitespace,U01MD017419
"Rapid Acceleration of Diagnostics - Underserved Populations (RADx-UP): Identifying and Addressing Critical Social, Ethical, and Behavioral Factors Associated with COVID-19 Testing and Vaccination among Spanish Speakers",RADx-UP,RADx-UP,phs002946.v1.p1,phs002946.v1.p1,Scott Rhodes,Scott Rhodes,U01MD017431,U01MD017431,FALSE,U01MD017431
Rapid Acceleration of Diagnostics - Underserved Populations (RADx-UP): Improving Testing for COVID-19 in Skilled Nursing Facilities: IMPACT,RADx-UP,RADx-UP,phs003050.v1.p1,phs003050.v1.p1,Vincent Mor,Vincent Mor,3U54AG063546-02S2,3U54AG063546-02S2,FALSE,U54AG063546
Rapid Acceleration of Diagnostics - Underserved Populations (RADx-UP): Improving the Response of Local Urban and Rural Communities to Disparities in Covid-19 Testing,RADx-UP,RADx-UP,phs002619.v1.p1,phs002619.v1.p1,Edward Elleberck,Edward Elleberck,UL1TR002366-04S3,UL1TR002366-04S3,FALSE,UL1TR002366
Rapid Acceleration of Diagnostics - Underserved Populations (RADx-UP): Increasing Representation of Black Communities in SARS-CoV-2 Serosurveys by Understanding Barriers and Motivations for Participation (Represent ATL),RADx-UP,RADx-UP,phs002608.v1.p1,phs002608.v1.p1,Heather Bradley,Heather Bradley,3R01DA051302-01S1,3R01DA051302-01S1,FALSE,R01DA051302
"Rapid Acceleration of Diagnostics - Underserved Populations (RADx-UP): Investigating the Effectiveness of COVID-19 Testing Choices, Community Engagement, and Culturally-embedded mHealth Literacy Delivery in a Medically-underserved, Community-based Sample",RADx-UP,RADx-UP,phs002763.v1.p1,phs002763.v1.p1,NAHED ISMAIL,Nahed Ismail,3R01ES028615-06S1,3R01ES028615-06S1,FALSE,R01ES028615
Rapid Acceleration of Diagnostics - Underserved Populations (RADx-UP): Juntos (Together): A Community Led Approach to Enhance to COVID-19 Testing Amount Vulnerable Latinos,RADx-UP,RADx-UP,phs002660.v1.p1,phs002660.v1.p1,Kathleen Page,Kathleen Page,3R01DA045556-04S1,3R01DA045556-04S1,FALSE,R01DA045556
Rapid Acceleration of Diagnostics - Underserved Populations (RADx-UP): LITE CONNECT: Addressing Testing Gaps and Epidemiologic Disparities of COVID- 19 Among Transgender People in the United States,RADx-UP,RADx-UP,phs002658.v1.p1,phs002658.v1.p1,Andrea Wirtz,Andrea Wirtz,3UH3AI133669-04S1,3UH3AI133669-04S1,FALSE,UH3AI133669
"Rapid Acceleration of Diagnostics - Underserved Populations (RADx-UP): Localized mHealth Approach to Boosting COVID-19 Testing and Vaccine Literacy, Access, and Uptake Among Women with Criminal Legal System Involvement",RADx-UP,RADx-UP,phs003082.v1.p1,phs003082.v1.p1,Megha Ramaswamy,Megha Ramaswamy,U01MD017415,U01MD017415,FALSE,U01MD017415
Rapid Acceleration of Diagnostics - Underserved Populations (RADx-UP): Maximizing Child Health and Learning Potential: Promoting A School Culture of Safety in the Era of COVID-19: Feasibility of Strategic COVID-19 Testing Protocols in At-risk Urban School,RADx-UP,RADx-UP,phs003037.v1.p1,phs003037.v1.p1,Lisa Gwynn,Lisa Gwynn,1OT2HD108111-01,1OT2HD108111-01,FALSE,OT2HD108111
Rapid Acceleration of Diagnostics - Underserved Populations (RADx-UP): Mobile Health-Targeted SARS-CoV-2 Testing and Community Interventions to Maximize Migrant Children's School Attendance During the COVID-19 Pandemic,RADx-UP,RADx-UP,phs003128.v1.p1,phs003128.v1.p1,Russell McCulloh,Russell McCulloh,1OT2HD108106-01,1OT2HD108106-01,removed whitespace,OT2HD108106
Rapid Acceleration of Diagnostics - Underserved Populations (RADx-UP): Monitoring COVID-19 and Building Capacity with Northern Plains Tribes and the Future of Pandemics,RADx-UP,RADx-UP,phs002807.v1.p1,phs002807.v1.p1,Yvonne Maldonado,Yvonne Maldonado,3U54MD010724-05S,3U54MD010724-05S,FALSE,U54MD010724
Rapid Acceleration of Diagnostics - Underserved Populations (RADx-UP): Motivational Enhancement to Augment Contingency Management for SARS-CoV-2 Testing and Vaccination Utilization Among Syringe Exchange Clients,RADx-UP,RADx-UP,phs002948.v1.p1,phs002948.v1.p1,ANNE MAURICIO,Anne Mauricio,1U01DA055982-01,1U01DA055982-01,FALSE,U01DA055982
Rapid Acceleration of Diagnostics - Underserved Populations (RADx-UP): NJ HEROES TOO: New Jersey Healthcare Essential Worker Outreach and Education Study Testing Overlooked Occupations,RADx-UP,RADx-UP,phs002567.v1.p1,phs002567.v1.p1,SHAWNA HUDSON,Shawna Hudson,UL1TR003017-02S2,UL1TR003017-02S2,FALSE,UL1TR003017
Rapid Acceleration of Diagnostics - Underserved Populations (RADx-UP): Obesity Health Disparities Research Center (OHDRC) - COVID-19 Testing Model among Vulnerable Populations: From Community Engagement to Follow-Up,RADx-UP,RADx-UP,phs002868.v1.p1,phs002868.v1.p1,MONA FOUAD,Mona Fouad,f,U54MD000502-18S1,FALSE,U54MD000502
Rapid Acceleration of Diagnostics - Underserved Populations (RADx-UP): Puipuia le Ola: Increasing Reach and Uptake of COVID-19 Testing Among Pacific Islanders in Hawaii and Guam,RADx-UP,RADx-UP,phs002742.v1.p1,phs002742.v1.p1,RICHARD YANAGIHARA,Richard Yanagihara,3P30GM114737-05S1,3P30GM114737-05S1,FALSE,P30GM114737
Rapid Acceleration of Diagnostics - Underserved Populations (RADx-UP): RADx-UP Supplement-Vaccine Hesitancy & Uptake,RADx-UP,RADx-UP,phs003032.v1.p1,phs003032.v1.p1,Rakale Quarells,Rakale Quarells,3P30DK111024-06S1,3P30DK111024-06S1,FALSE,P30DK111024
"Rapid Acceleration of Diagnostics - Underserved Populations (RADx-UP): REACH-OUT: Research, Engagement and Action on COVID-19 Health Outcomes via Testing",RADx-UP,RADx-UP,phs003030.v1.p1,phs003030.v1.p1,Matthew DeCamp,Matthew DeCamp,U01-MD017436,U01MD017436,removed hyphen,U01MD017436
Rapid Acceleration of Diagnostics - Underserved Populations (RADx-UP): Randomized COVID-19 Testing in Vulnerable Communities and Risk Tool Creation (FightCOVIDMKE),RADx-UP,RADx-UP,phs002644.v1.p1,phs002644.v1.p1,JOHN MEURER,John Meurer,3UL1TR001436-06S1,3UL1TR001436-06S1,FALSE,UL1TR001436
Rapid Acceleration of Diagnostics - Underserved Populations (RADx-UP): Rapid Acceleration of Acceptable COVID Testing and Care Options for NYC Public Housing Residents (RADx NYCHA),RADx-UP,RADx-UP,phs002618.v1.p1,phs002618.v1.p1,Lorna Thorpe,Lorna Thorpe,3R01CA220591-03S1,3R01CA220591-03S1,FALSE,R01CA220591
Rapid Acceleration of Diagnostics - Underserved Populations (RADx-UP): Rapid Optimization of COVID-19 Testing for People Affected by Diabetes,RADx-UP,RADx-UP,phs003373.v1.p1,phs003373.v1.p1,Kabayam Narayan,Kabayam Narayan,3P30DK111024-05S1,3P30DK111024-05S1,FALSE,P30DK111024
Rapid Acceleration of Diagnostics - Underserved Populations (RADx-UP): ReOpening Schools Safely and Educating Youth (ROSSEY),RADx-UP,RADx-UP,phs003127.v1.p1,phs003127.v1.p1,Linda Ko,Linda Ko,1 OT2 HD107544-01,1OT2HD107544-01,removed spaces,OT2HD107544
Rapid Acceleration of Diagnostics - Underserved Populations (RADx-UP): ReSET: Restarting Safe Education and Testing for Children with Medical Complexity,RADx-UP,RADx-UP,phs002904.v1.p1,phs002904.v1.p1,Ryan Coller,Ryan Coller,1OT2HD107558-01,1OT2HD107558-01,removed spaces,OT2HD107558
Rapid Acceleration of Diagnostics - Underserved Populations (RADx-UP): Reaching Communities through the Design of Information Visualizations (ReDIVis) Toolbox for Return of COVID-19 Results (RCR),RADx-UP,RADx-UP,phs002568.v1.p1,phs002568.v1.p1,SUZANNE BAKKEN,Suzanne Bakken,P30 NR016587-05S,P30NR016587-05S,removed spaces,P30NR016587
Rapid Acceleration of Diagnostics - Underserved Populations (RADx-UP): Reducing Ethical and Social Prejudicial Effects of COVID-19 Testing in Underserved Populations (RESPECT-UP),RADx-UP,RADx-UP,phs002917.v1.p1,phs002917.v1.p1,Gabriela Oates,Gabriela Oates,1U01MD017432-01,1U01MD017432-01,FALSE,U01MD017432
Rapid Acceleration of Diagnostics - Underserved Populations (RADx-UP): SARS-COV-2 Screening in Dialysis Facilities: Building an Optimal Strategy to Protect High Risk Population,RADx-UP,RADx-UP,phs003083.v1.p1,phs003083.v1.p1,Shuchi Anand,Shuchi Anand,1U01AI169477,1U01AI169477,FALSE,U01AI169477
Rapid Acceleration of Diagnostics - Underserved Populations (RADx-UP): SCALE UP Utah II: Community-Academic Partnership to Address COVID-19 Testing and Vaccination Among Utah Community Health Centers,RADx-UP,RADx-UP,phs003368.v1.p1,phs003368.v1.p1,Guilherme DelFiol,Guilherme DelFiol,U01MD017421,U01MD017421,FALSE,U01MD017421
Rapid Acceleration of Diagnostics - Underserved Populations (RADx-UP): SCALE UP Utah: A Community-Academic Partnership to Address COVID-19 Among Utah Community Health Centers,RADx-UP,RADx-UP,phs002575.v1.p1,phs002575.v1.p1,RACHEL HESS,Rachel Hess,3UL1TR002538-03S4,3UL1TR002538-03S4,FALSE,UL1TR002538
Rapid Acceleration of Diagnostics - Underserved Populations (RADx-UP): Safer at School Early Alert Project HUB,RADx-UP,RADx-UP,phs003031.v1.p1,phs003031.v1.p1,Rebecca Fielding-Miller,Rebecca Fielding-Miller,1U01HD108787 - 01,1U01HD108787-01,removed spaces,U01HD108787
"Rapid Acceleration of Diagnostics - Underserved Populations (RADx-UP): Safety, Testing/Transmission and Outcomes in Pregnancies with COVID-19 (STOP COVID-19)",RADx-UP,RADx-UP,phs002905.v1.p1,phs002905.v1.p1,Megan Foeller,Megan Foeller,3R01HD091218-04S1,3R01HD091218-04S1,FALSE,R01HD091218
Rapid Acceleration of Diagnostics - Underserved Populations (RADx-UP): Scaling Up SARS-COV-2  Testing to Serve Latinx Communities,RADx-UP,RADx-UP,phs002584.v1.p1,phs002584.v1.p1,Leslie Leve,Leslie Leve,3P50DA048756-02S2,3P50DA048756-02S2,FALSE,P50DA048756
"Rapid Acceleration of Diagnostics - Underserved Populations (RADx-UP): Sin Duda: A Cmmunity-driven Approach to Expand Reach, Access and Uptake of COVID-19 Home-based Tests for At-risk Latinos",RADx-UP,RADx-UP,phs003364.v1.p1,phs003364.v1.p1,Kathleen Page,Kathleen Page,1U01MD017412-01,1U01MD017412-01,FALSE,U01MD017412
Rapid Acceleration of Diagnostics - Underserved Populations (RADx-UP): Social and Behavioral Implications for COVID-19 Testing in Delaware's Underserved Communities,RADx-UP,RADx-UP,phs003033.v1.p1,phs003033.v1.p1,MELISSA HARRINGTON,Melissa Harrington,P20GM103653-09S1,P20GM103653-09S1,FALSE,P20GM103653
"Rapid Acceleration of Diagnostics - Underserved Populations (RADx-UP): Social, Behavioral, and Ethical Implications of COVID-19",RADx-UP,RADx-UP,phs003365.v1.p1,phs003365.v1.p1,William Southerland,William Southerland,3U54MD007597-33S1,3U54MD007597-33S1,FALSE,U54MD007597
"Rapid Acceleration of Diagnostics - Underserved Populations (RADx-UP): Social, Ethical, and Behavioral Factors in the Return to School Among Underserved Communities in Maryland",RADx-UP,RADx-UP,phs003056.v1.p1,phs003056.v1.p1,Sara Johnson,Sara Johnson,OT2HD108110,OT2HD108110,FALSE,OT2HD108110
"Rapid Acceleration of Diagnostics - Underserved Populations (RADx-UP): Social, Ethical, and Behavioral Implications Research on COVID-19: Testing and Vaccine Uptake Among Rural Latino Migrants in Southwest Florida",RADx-UP,RADx-UP,phs002777.v1.p1,phs002777.v1.p1,Laura Redwine,Laura Redwine,3R34AT010661-02S1,3R34AT010661-02S1,FALSE,R34AT010661
"Rapid Acceleration of Diagnostics - Underserved Populations (RADx-UP): Southeast Asians in the US: Health Equity & Research to Understand COVID-19 Stories (SEA US, HEAR US)",RADx-UP,RADx-UP,phs003029.v1.p1,phs003029.v1.p1,Patchareeya Kwan,Patchareeya Kwan,1U01MD017434-01,1U01MD017434-01,FALSE,U01MD017434
"Rapid Acceleration of Diagnostics - Underserved Populations (RADx-UP): Support fir Safe Return to In-Person School: COVID-19 Testing, Learning, and Consultation",RADx-UP,RADx-UP,phs002740.v1.p1,phs002740.v1.p1,Dana Keener Mast,Dana Keener Mast,1OT2HD107555-01,1OT2HD107555-01,FALSE,OT2HD107555
Rapid Acceleration of Diagnostics - Underserved Populations (RADx-UP): Supported Employment to Create a Community Culture of Rapid Testing Among People Who Inject Drugs: PeerConnect2Test,RADx-UP,RADx-UP,phs003362.v1.p1,phs003362.v1.p1,Camille Cioffi,Camille Cioffi,U01DA057849,U01DA057849,FALSE,U01DA057849
Rapid Acceleration of Diagnostics - Underserved Populations (RADx-UP): Supporting the Health and Well-being of Children with Intellectual and Developmental Disability During COVID-19 Pandemic,RADx-UP,RADx-UP,phs002947.v1.p1,phs002947.v1.p1,Luther Kalb,Luther Kalb,OT2 HD107556-01,OT2HD107556-01,removed spaces,OT2HD107556
Rapid Acceleration of Diagnostics - Underserved Populations (RADx-UP): Transforming Community Engagement to Increase SARS-CoV-2 Testing in Underserved Populations in Baton Rouge (TEST UP-BR),RADx-UP,RADx-UP,phs002633.v1.p1,phs002633.v1.p1,JOHN KIRWAN,John Kirwan,3U54GM104940-05S3,3U54GM104940-05S3,FALSE,U54GM104940
Rapid Acceleration of Diagnostics - Underserved Populations (RADx-UP): Understanding Factors Influencing COVID-19 Testing and Vaccination in Immigrant Low-income and Homeless Populations and Testing Targeted Interventions,RADx-UP,RADx-UP,phs002707.v1.p1,phs002707.v1.p1,CLIFFORD ROSEN,Clifford Rosen,3U54GM115516-05S2,3U54GM115516-05S2,FALSE,U54GM115516
"Rapid Acceleration of Diagnostics - Underserved Populations (RADx-UP): Understanding the COVID-19, Racism, and Violence Syndemic and its Effects on COVID-19 Testing Disparities",RADx-UP,RADx-UP,phs002582.v1.p1,phs002582.v1.p1,Katherine Quinn,Katherine Quinn,R21MH122010-01S1,R21MH122010-01S1,FALSE,R21MH122010
Rapid Acceleration of Diagnostics - Underserved Populations (RADx-UP): Using the Multiphase Optimization Strategy (MOST) to Optimize an Intervention to Increase COVID-19 Testing for Black and Latino/Hispanic Frontline Essential Workers,RADx-UP,RADx-UP,phs003051.v1.p1,phs003051.v1.p1,Marya Gwadz,Marya Gwadz,U01MD017418,U01MD017418,FALSE,U01MD017418
Rapid Acceleration of Diagnostics - Underserved Populations (RADx-UP): WUSTL Supporting the Health and Well-being of Children with Intellectual and Developmental Disability During COVD-19 Pandemic,RADx-UP,RADx-UP,phs003359.v1.p1,phs003359.v1.p1,Jason Newland,Jason Newland,P50HD 103525-02S1,P50HD103525-01S1,"-02S1 doesn't exist, use -01S1",P50HD103525
Rapid Acceleration of Diagnostics - Underserved Populations (RADx-UP): You & Me: Test and Treat,RADx-UP,RADx-UP,phs003366.v1.p1,phs003366.v1.p1,Christoph Hornik,Christoph Hornik,U01MD018294-01,U01MD018294-01,FALSE,U01MD018294
"Rapid Acceleration of Diagnostics - Underserved Populations (RADx-UP): ÓRALE COVID-19! Vaccination: An Initiative to Increase COVID-19 Vaccination in Yolo, Madera, Fresno, Stanislaus Counties in California.",RADx-UP,RADx-UP,phs003371.v1.p1,phs003371.v1.p1,Irva Hertz-Picciotto,Irva Hertz-Picciotto,3P30ES023513-07S1,3P30ES023513-07S1,FALSE,P30ES023513
"Rapid Acceleration of Diagnostics - Underserved Populations (RADx-UP):C2SPARC: Implementing Mobile, POC COVID-19 Testing in Partnership with a Community-based Organization to Reach Women Who Use Drugs",RADx-UP,RADx-UP,phs003123.v1.p1,phs003123.v1.p1,Susan Sherman,Susan Sherman,3R01DA041243-05S2,3R01DA041243-05S2,FALSE,R01DA041243
Rapid Acceleration of Diagnostics- Underserved Populations (RADx-UP): Supporting COVID-19 Prevention and Testing for Marginalized and Minoritized Youth and Young Adults,RADx-UP,RADx-UP,phs002647.v1.p1,phs002647.v1.p1,GREGORY PHILLIPS,Gregory Phillips,R01 AA024409-05S1,R01AA024409-05S1,removed spaces,R01AA024409
Rapid Acceleration of Diagnostics-Digital Health (RADx-DH): NIH Digital Health Solutions for COVID-19,RADx-DH,RADx-DHT,phs002536.v1.p1,phs002536.v1.p1,Teresa Gibson,Teresa Gibson,75N91020C00036-0-9999-1,75N91020C00036-0-9999-1,FALSE,75N91020C00036